{"cameraMode":{"drawMode":0,"name":"Shaded","section":"Shading Mode"},"sceneLighting":true,"audioPlay":false,"sceneViewState":{"showFog":true,"showMaterialUpdate":false,"showSkybox":true,"showFlares":true,"showImageEffects":true,"showParticleSystems":true},"in2DMode":false,"pivot":{"x":49.72483444213867,"y":68.6261215209961,"z":-3.9299240112304689},"rotation":{"x":-0.10208258032798767,"y":-0.030736301094293596,"z":0.0031555574387311937,"w":-0.9942961931228638},"size":26.720678329467775,"orthographic":false}